seq,vx,vy,avg,ate,rte
ahn_mpil,0.193412,0.834452,0.513932,8.645156,12.718247
